Fecha,Hora,Consumo (Wh),Precio (€/kWh),Coste por hora (€)
2019-01-01,0,9,0.091755203,8.26E-04
2019-01-01,1,9,0.091977128,8.28E-04
2019-01-01,2,8,0.091866654,7.35E-04
2019-01-01,3,9,0.090140346,8.11E-04
2019-01-01,4,9,0.085137452,7.66E-04
2019-01-01,5,9,0.081329134,7.32E-04
2019-01-01,6,10,0.081808664,8.18E-04
2019-01-01,7,9,0.087170902,7.85E-04
2019-01-01,8,9,0.0869366,7.82E-04
2019-01-01,9,9,0.084425661,7.60E-04
2019-01-01,10,8,0.084285229,6.74E-04
2019-01-01,11,9,0.083995393,7.56E-04
2019-01-01,12,8,0.154898938,0.001239191504
2019-01-01,13,9,0.157590698,0.001418316282
2019-01-01,14,8,0.156994841,0.001255958728
2019-01-01,15,9,0.152795908,0.001375163172
2019-01-01,16,8,0.152891018,0.001223128144
2019-01-01,17,8,0.155835195,0.00124668156
2019-01-01,18,9,0.159339414,0.001434054726
2019-01-01,19,8,0.158177717,0.001265421736
2019-01-01,20,8,0.15796054,0.00126368432
2019-01-01,21,8,0.159251813,0.001274014504
2019-01-01,22,9,0.088739128,7.99E-04
2019-01-01,23,9,0.085887439,7.73E-04
,,,,
2019-01-02,0,9,0.08255905,7.43E-04
2019-01-02,1,10,0.07451007,7.45E-04
2019-01-02,2,9,0.070012887,6.30E-04
2019-01-02,3,9,0.069664795,6.27E-04
2019-01-02,4,9,0.067612459,6.09E-04
2019-01-02,5,10,0.067610439,6.76E-04
2019-01-02,6,8,0.072500163,5.80E-04
2019-01-02,7,19,0.077884131,0.001479798489
2019-01-02,8,124,0.080659673,0.01000179945
2019-01-02,9,82,0.081956928,0.006720468096
2019-01-02,10,165,0.080970171,0.01336007822
2019-01-02,11,86,0.078613179,0.006760733394
2019-01-02,12,103,0.144816453,0.01491609466
2019-01-02,13,118,0.145490308,0.01716785634
2019-01-02,14,107,0.144231499,0.01543277039
2019-01-02,15,9,0.143515546,0.001291639914
2019-01-02,16,8,0.145083839,0.001160670712
2019-01-02,17,11,0.150517405,0.001655691455
2019-01-02,18,90,0.153909924,0.01385189316
2019-01-02,19,54,0.154167748,0.008325058392
2019-01-02,20,6,0.152566533,9.15E-04
2019-01-02,21,6,0.153510507,9.21E-04
2019-01-02,22,6,0.084391099,5.06E-04
2019-01-02,23,7,0.082224328,5.76E-04
,,,,
2019-01-03,0,6,0.082767112,4.97E-04
2019-01-03,1,7,0.075113907,5.26E-04
2019-01-03,2,6,0.071794335,4.31E-04
2019-01-03,3,7,0.069891099,4.89E-04
2019-01-03,4,7,0.069786699,4.89E-04
2019-01-03,5,6,0.071699784,4.30E-04
2019-01-03,6,7,0.073994676,5.18E-04
2019-01-03,7,10,0.085244319,8.52E-04
2019-01-03,8,237,0.085248044,0.02020378643
2019-01-03,9,112,0.085269703,0.009550206736
2019-01-03,10,119,0.084956403,0.01010981196
2019-01-03,11,131,0.083242217,0.01090473043
2019-01-03,12,182,0.149722517,0.02724949809
2019-01-03,13,167,0.149524871,0.02497065346
2019-01-03,14,99,0.150713386,0.01492062521
2019-01-03,15,8,0.152278408,0.001218227264
2019-01-03,16,4,0.153395634,6.14E-04
2019-01-03,17,0,0.155965957,0
2019-01-03,18,0,0.157074442,0
2019-01-03,19,0,0.156496276,0
2019-01-03,20,0,0.153085458,0
2019-01-03,21,0,0.153574301,0
2019-01-03,22,0,0.084121614,0
2019-01-03,23,0,0.085112927,0
,,,,
2019-01-04,0,0,0.087582763,0
2019-01-04,1,0,0.084660438,0
2019-01-04,2,0,0.07914817,0
2019-01-04,3,0,0.074873569,0
2019-01-04,4,0,0.074642934,0
2019-01-04,5,0,0.077924753,0
2019-01-04,6,0,0.081854886,0
2019-01-04,7,28,0.086860342,0.002432089576
2019-01-04,8,184,0.086208253,0.01586231855
2019-01-04,9,227,0.088902098,0.02018077625
2019-01-04,10,266,0.086703025,0.02306300465
2019-01-04,11,201,0.085754848,0.01723672445
2019-01-04,12,103,0.152856172,0.01574418572
2019-01-04,13,116,0.15217968,0.01765284288
2019-01-04,14,61,0.15273318,0.00931672398
2019-01-04,15,8,0.152159632,0.001217277056
2019-01-04,16,9,0.152099656,0.001368896904
2019-01-04,17,8,0.154227571,0.001233820568
2019-01-04,18,14,0.157527832,0.002205389648
2019-01-04,19,8,0.158881648,0.001271053184
2019-01-04,20,9,0.158027421,0.001422246789
2019-01-04,21,8,0.154551632,0.001236413056
2019-01-04,22,8,0.08725435,6.98E-04
2019-01-04,23,9,0.0867631,7.81E-04
,,,,
2019-01-05,0,9,0.092588018,8.33E-04
2019-01-05,1,10,0.090577439,9.06E-04
2019-01-05,2,9,0.089201661,8.03E-04
2019-01-05,3,9,0.08725521,7.85E-04
2019-01-05,4,9,0.085037304,7.65E-04
2019-01-05,5,10,0.082814815,8.28E-04
2019-01-05,6,9,0.080821179,7.27E-04
2019-01-05,7,8,0.082843763,6.63E-04
2019-01-05,8,49,0.078886671,0.003865446879
2019-01-05,9,34,0.08459126,0.00287610284
2019-01-05,10,23,0.087419823,0.002010655929
2019-01-05,11,23,0.086193923,0.001982460229
2019-01-05,12,71,0.152810058,0.01084951412
2019-01-05,13,27,0.148584201,0.004011773427
2019-01-05,14,8,0.14615004,0.00116920032
2019-01-05,15,9,0.144099883,0.001296898947
2019-01-05,16,9,0.142816742,0.001285350678
2019-01-05,17,9,0.153262327,0.001379360943
2019-01-05,18,8,0.155070759,0.001240566072
2019-01-05,19,9,0.154663426,0.001391970834
2019-01-05,20,9,0.154065352,0.001386588168
2019-01-05,21,8,0.151434909,0.001211479272
2019-01-05,22,9,0.084359956,7.59E-04
2019-01-05,23,8,0.081522614,6.52E-04
,,,,
2019-01-06,0,9,0.084325578,7.59E-04
2019-01-06,1,9,0.075305386,6.78E-04
2019-01-06,2,10,0.074412299,7.44E-04
2019-01-06,3,9,0.06886678,6.20E-04
2019-01-06,4,9,0.069300638,6.24E-04
2019-01-06,5,9,0.068172268,6.14E-04
2019-01-06,6,9,0.068877633,6.20E-04
2019-01-06,7,9,0.07067249,6.36E-04
2019-01-06,8,9,0.071749443,6.46E-04
2019-01-06,9,8,0.073560383,5.88E-04
2019-01-06,10,20,0.080138011,0.00160276022
2019-01-06,11,348,0.081780524,0.02845962235
2019-01-06,12,195,0.150378019,0.02932371371
2019-01-06,13,1084,0.151399126,0.1641166526
2019-01-06,14,332,0.150605849,0.05000114187
2019-01-06,15,8,0.144474284,0.001155794272
2019-01-06,16,9,0.140359714,0.001263237426
2019-01-06,17,8,0.150467063,0.001203736504
2019-01-06,18,9,0.154139162,0.001387252458
2019-01-06,19,9,0.153733812,0.001383604308
2019-01-06,20,16,0.152186222,0.002434979552
2019-01-06,21,9,0.154606222,0.001391455998
2019-01-06,22,8,0.086152373,6.89E-04
2019-01-06,23,9,0.083777819,7.54E-04
,,,,
2019-01-07,0,10,0.080113361,8.01E-04
2019-01-07,1,9,0.074170909,6.68E-04
2019-01-07,2,9,0.072421575,6.52E-04
2019-01-07,3,10,0.07169918,7.17E-04
2019-01-07,4,9,0.071218399,6.41E-04
2019-01-07,5,9,0.071154818,6.40E-04
2019-01-07,6,10,0.075839459,7.58E-04
2019-01-07,7,13,0.088107508,0.001145397604
2019-01-07,8,123,0.08560578,0.01052951094
2019-01-07,9,60,0.085493453,0.00512960718
2019-01-07,10,114,0.084816391,0.009669068574
2019-01-07,11,20,0.084192915,0.0016838583
2019-01-07,12,30,0.151595213,0.00454785639
2019-01-07,13,52,0.151402826,0.007872946952
2019-01-07,14,72,0.149273227,0.01074767234
2019-01-07,15,8,0.147836648,0.001182693184
2019-01-07,16,9,0.145035724,0.001305321516
2019-01-07,17,9,0.150154518,0.001351390662
2019-01-07,18,9,0.154008409,0.001386075681
2019-01-07,19,8,0.15440704,0.00123525632
2019-01-07,20,8,0.153459817,0.001227678536
2019-01-07,21,8,0.152197081,0.001217576648
2019-01-07,22,8,0.080356698,6.43E-04
2019-01-07,23,9,0.07842445,7.06E-04
,,,,
2019-01-08,0,9,0.079123282,7.12E-04
2019-01-08,1,10,0.073290972,7.33E-04
2019-01-08,2,9,0.071002575,6.39E-04
2019-01-08,3,9,0.069899323,6.29E-04
2019-01-08,4,9,0.069676943,6.27E-04
2019-01-08,5,9,0.070157871,6.31E-04
2019-01-08,6,8,0.073886238,5.91E-04
2019-01-08,7,24,0.084439454,0.002026546896
2019-01-08,8,125,0.083409002,0.01042612525
2019-01-08,9,1164,0.084060044,0.09784589122
2019-01-08,10,1164,0.084354544,0.09818868922
2019-01-08,11,1167,0.083591584,0.09755137853
2019-01-08,12,201,0.150813735,0.03031356073
2019-01-08,13,438,0.151190143,0.06622128263
2019-01-08,14,449,0.148511542,0.06668168236
2019-01-08,15,487,0.146153553,0.07117678031
2019-01-08,16,34,0.142664925,0.00485060745
2019-01-08,17,115,0.150877426,0.01735090399
2019-01-08,18,363,0.15398451,0.05589637713
2019-01-08,19,126,0.154496474,0.01946655572
2019-01-08,20,47,0.152930443,0.007187730821
2019-01-08,21,13,0.152824174,0.001986714262
2019-01-08,22,13,0.081824814,0.001063722582
2019-01-08,23,14,0.076489052,0.001070846728
,,,,
2019-01-09,0,9,0.072569642,6.53E-04
2019-01-09,1,8,0.070966845,5.68E-04
2019-01-09,2,9,0.067030275,6.03E-04
2019-01-09,3,9,0.067685415,6.09E-04
2019-01-09,4,9,0.067539503,6.08E-04
2019-01-09,5,9,0.067828209,6.10E-04
2019-01-09,6,9,0.071416311,6.43E-04
2019-01-09,7,8,0.081760081,6.54E-04
2019-01-09,8,76,0.083202185,0.00632336606
2019-01-09,9,106,0.082798048,0.008776593088
2019-01-09,10,98,0.082362939,0.008071568022
2019-01-09,11,97,0.082091751,0.007962899847
2019-01-09,12,55,0.147152729,0.008093400095
2019-01-09,13,34,0.146408236,0.004977880024
2019-01-09,14,45,0.144018121,0.006480815445
2019-01-09,15,10,0.141080776,0.00141080776
2019-01-09,16,10,0.144147103,0.00144147103
2019-01-09,17,235,0.150221241,0.03530199164
2019-01-09,18,363,0.152061396,0.05519828675
2019-01-09,19,567,0.152941963,0.08671809302
2019-01-09,20,32,0.150948563,0.004830354016
2019-01-09,21,8,0.149671433,0.001197371464
2019-01-09,22,9,0.080433002,7.24E-04
2019-01-09,23,9,0.071886784,6.47E-04
,,,,
2019-01-10,0,9,0.077132426,6.94E-04
2019-01-10,1,9,0.068076288,6.13E-04
2019-01-10,2,9,0.068860677,6.20E-04
2019-01-10,3,9,0.066084627,5.95E-04
2019-01-10,4,9,0.065656533,5.91E-04
2019-01-10,5,9,0.066710823,6.00E-04
2019-01-10,6,8,0.074803146,5.98E-04
2019-01-10,7,9,0.083429077,7.51E-04
2019-01-10,8,43,0.082689794,0.003555661142
2019-01-10,9,71,0.082888259,0.005885066389
2019-01-10,10,48,0.082309539,0.003950857872
2019-01-10,11,43,0.081555222,0.003506874546
2019-01-10,12,65,0.147915689,0.009614519785
2019-01-10,13,48,0.148157213,0.007111546224
2019-01-10,14,36,0.146722516,0.005282010576
2019-01-10,15,26,0.146404288,0.003806511488
2019-01-10,16,26,0.14774368,0.00384133568
2019-01-10,17,30,0.150452857,0.00451358571
2019-01-10,18,49,0.152655751,0.007480131799
2019-01-10,19,112,0.153633976,0.01720700531
2019-01-10,20,9,0.154419826,0.001389778434
2019-01-10,21,9,0.153028469,0.001377256221
2019-01-10,22,10,0.083143734,8.31E-04
2019-01-10,23,10,0.080740943,8.07E-04
,,,,
2019-01-11,0,9,0.079327675,7.14E-04
2019-01-11,1,10,0.073892854,7.39E-04
2019-01-11,2,10,0.070464323,7.05E-04
2019-01-11,3,9,0.068419374,6.16E-04
2019-01-11,4,10,0.067315194,6.73E-04
2019-01-11,5,9,0.068859817,6.20E-04
2019-01-11,6,9,0.075970611,6.84E-04
2019-01-11,7,9,0.08612038,7.75E-04
2019-01-11,8,10,0.084878291,8.49E-04
2019-01-11,9,9,0.084782423,7.63E-04
2019-01-11,10,10,0.08412373,8.41E-04
2019-01-11,11,9,0.082753248,7.45E-04
2019-01-11,12,10,0.150154522,0.00150154522
2019-01-11,13,9,0.149790265,0.001348112385
2019-01-11,14,10,0.150829852,0.00150829852
2019-01-11,15,9,0.149103208,0.001341928872
2019-01-11,16,166,0.149365456,0.0247946657
2019-01-11,17,509,0.151465156,0.0770957644
2019-01-11,18,798,0.153780948,0.1227171965
2019-01-11,19,504,0.154463416,0.07784956166
2019-01-11,20,35,0.153942954,0.00538800339
2019-01-11,21,8,0.152587997,0.001220703976
2019-01-11,22,9,0.0841438,7.57E-04
2019-01-11,23,9,0.081896553,7.37E-04
,,,,
2019-01-12,0,10,0.087355058,8.74E-04
2019-01-12,1,9,0.079317659,7.14E-04
2019-01-12,2,10,0.072448647,7.24E-04
2019-01-12,3,10,0.0700699,7.01E-04
2019-01-12,4,10,0.069943093,6.99E-04
2019-01-12,5,10,0.069834627,6.98E-04
2019-01-12,6,9,0.07059168,6.35E-04
2019-01-12,7,10,0.075817898,7.58E-04
2019-01-12,8,9,0.081739873,7.36E-04
2019-01-12,9,10,0.085484464,8.55E-04
2019-01-12,10,228,0.085470573,0.01948729064
2019-01-12,11,791,0.084115873,0.06653565554
2019-01-12,12,758,0.149539416,0.1133508773
2019-01-12,13,89,0.151471381,0.01348095291
2019-01-12,14,0,0.150060359,0
2019-01-12,15,0,0.144905083,0
2019-01-12,16,0,0.142134203,0
2019-01-12,17,0,0.144565357,0
2019-01-12,18,0,0.154495497,0
2019-01-12,19,46,0.155484031,0.007152265426
2019-01-12,20,40,0.156191322,0.00624765288
2019-01-12,21,9,0.156427043,0.001407843387
2019-01-12,22,9,0.087804472,7.90E-04
2019-01-12,23,96,0.08691092,0.00834344832
,,,,
2019-01-13,0,446,0.07668049,0.03419949854
2019-01-13,1,928,0.07178119,0.06661294432
2019-01-13,2,54,0.070348104,0.003798797616
2019-01-13,3,19,0.06973198,0.00132490762
2019-01-13,4,15,0.069678953,0.001045184295
2019-01-13,5,14,0.069522414,9.73E-04
2019-01-13,6,13,0.069810559,9.08E-04
2019-01-13,7,13,0.070419446,9.15E-04
2019-01-13,8,13,0.07005915,9.11E-04
2019-01-13,9,12,0.070553269,8.47E-04
2019-01-13,10,12,0.079477402,9.54E-04
2019-01-13,11,12,0.079650282,9.56E-04
2019-01-13,12,12,0.14857914,0.00178294968
2019-01-13,13,12,0.152497174,0.001829966088
2019-01-13,14,12,0.152658179,0.001831898148
2019-01-13,15,12,0.150331009,0.001803972108
2019-01-13,16,11,0.147129686,0.001618426546
2019-01-13,17,12,0.150962383,0.001811548596
2019-01-13,18,12,0.154851852,0.001858222224
2019-01-13,19,15,0.156743082,0.00235114623
2019-01-13,20,69,0.158709332,0.01095094391
2019-01-13,21,513,0.158769832,0.08144892382
2019-01-13,22,1752,0.08843069,0.1549305689
2019-01-13,23,1041,0.086224547,0.08975975343
,,,,
2019-01-14,0,422,0.079104262,0.03338199856
2019-01-14,1,12,0.070679449,8.48E-04
2019-01-14,2,13,0.069919543,9.09E-04
2019-01-14,3,12,0.069352298,8.32E-04
2019-01-14,4,13,0.068778559,8.94E-04
2019-01-14,5,12,0.069527258,8.34E-04
2019-01-14,6,12,0.074389761,8.93E-04
2019-01-14,7,14,0.08455708,0.00118379912
2019-01-14,8,12,0.08340341,0.00100084092
2019-01-14,9,131,0.083109449,0.01088733782
2019-01-14,10,12,0.081749212,9.81E-04
2019-01-14,11,12,0.081312172,9.76E-04
2019-01-14,12,12,0.148906345,0.00178687614
2019-01-14,13,12,0.14813495,0.0017776194
2019-01-14,14,16,0.146002871,0.002336045936
2019-01-14,15,86,0.144360042,0.01241496361
2019-01-14,16,16,0.144644109,0.002314305744
2019-01-14,17,12,0.150414759,0.001804977108
2019-01-14,18,29,0.154731329,0.004487208541
2019-01-14,19,419,0.156311992,0.06549472465
2019-01-14,20,547,0.156084137,0.08537802294
2019-01-14,21,1247,0.154978066,0.1932576483
2019-01-14,22,1532,0.085680093,0.1312619025
2019-01-14,23,692,0.082676425,0.0572120861
,,,,
2019-01-15,0,792,0.078508416,0.06217866547
2019-01-15,1,168,0.074254004,0.01247467267
2019-01-15,2,46,0.072719997,0.003345119862
2019-01-15,3,28,0.072779195,0.00203781746
2019-01-15,4,31,0.072862253,0.002258729843
2019-01-15,5,31,0.07548394,0.00234000214
2019-01-15,6,30,0.084653434,0.00253960302
2019-01-15,7,192,0.088302254,0.01695403277
2019-01-15,8,26,0.087672114,0.002279474964
2019-01-15,9,151,0.087052544,0.01314493414
2019-01-15,10,30,0.087840598,0.00263521794
2019-01-15,11,20,0.08679265,0.001735853
2019-01-15,12,31,0.152102283,0.004715170773
2019-01-15,13,28,0.152411871,0.004267532388
2019-01-15,14,584,0.152334349,0.08896325982
2019-01-15,15,111,0.15247522,0.01692474942
2019-01-15,16,115,0.15248699,0.01753600385
2019-01-15,17,41,0.156973326,0.006435906366
2019-01-15,18,30,0.16220838,0.0048662514
2019-01-15,19,137,0.163150334,0.02235159576
2019-01-15,20,206,0.161486339,0.03326618583
2019-01-15,21,284,0.160729776,0.04564725638
2019-01-15,22,1845,0.090964454,0.1678294176
2019-01-15,23,859,0.088922452,0.07638438627
,,,,
2019-01-16,0,544,0.09043265,0.0491953616
2019-01-16,1,46,0.08880207,0.00408489522
2019-01-16,2,45,0.085988607,0.003869487315
2019-01-16,3,43,0.083397267,0.003586082481
2019-01-16,4,48,0.080046075,0.0038422116
2019-01-16,5,34,0.082917409,0.002819191906
2019-01-16,6,48,0.086075292,0.004131614016
2019-01-16,7,256,0.088537787,0.02266567347
2019-01-16,8,35,0.087909329,0.003076826515
2019-01-16,9,114,0.088267008,0.01006243891
2019-01-16,10,30,0.087506583,0.00262519749
2019-01-16,11,31,0.086181891,0.002671638621
2019-01-16,12,30,0.152222945,0.00456668835
2019-01-16,13,27,0.152386358,0.004114431666
2019-01-16,14,26,0.151356925,0.00393528005
2019-01-16,15,325,0.151200106,0.04914003445
2019-01-16,16,868,0.151095535,0.1311509244
2019-01-16,17,888,0.152374843,0.1353088606
2019-01-16,18,181,0.157819374,0.02856530669
2019-01-16,19,564,0.158967664,0.0896577625
2019-01-16,20,670,0.1585979,0.106260593
2019-01-16,21,667,0.160862966,0.1072955983
2019-01-16,22,1207,0.089606855,0.108155474
2019-01-16,23,874,0.088234825,0.07711723705
,,,,
2019-01-17,0,191,0.087065176,0.01662944862
2019-01-17,1,71,0.085620909,0.006079084539
2019-01-17,2,43,0.077880153,0.003348846579
2019-01-17,3,31,0.073285641,0.002271854871
2019-01-17,4,34,0.070015755,0.00238053567
2019-01-17,5,42,0.071772191,0.003014432022
2019-01-17,6,393,0.078068616,0.03068096609
2019-01-17,7,352,0.084623467,0.02978746038
2019-01-17,8,430,0.083363669,0.03584637767
2019-01-17,9,202,0.082661508,0.01669762462
2019-01-17,10,40,0.082321793,0.00329287172
2019-01-17,11,358,0.081759267,0.02926981759
2019-01-17,12,124,0.148736449,0.01844331968
2019-01-17,13,151,0.148958303,0.02249270375
2019-01-17,14,575,0.147446746,0.08478187895
2019-01-17,15,34,0.147813136,0.005025646624
2019-01-17,16,35,0.149296143,0.005225365005
2019-01-17,17,27,0.15128686,0.00408474522
2019-01-17,18,29,0.15600232,0.00452406728
2019-01-17,19,1442,0.159037801,0.229332509
2019-01-17,20,715,0.156234898,0.1117079521
2019-01-17,21,389,0.155397332,0.06044956215
2019-01-17,22,680,0.086523974,0.05883630232
2019-01-17,23,823,0.086495759,0.07118600966
,,,,
2019-01-18,0,183,0.088147759,0.0161310399
2019-01-18,1,31,0.086338117,0.002676481627
2019-01-18,2,32,0.081110655,0.00259554096
2019-01-18,3,31,0.077614899,0.002406061869
2019-01-18,4,27,0.076669654,0.002070080658
2019-01-18,5,21,0.079868768,0.001677244128
2019-01-18,6,33,0.085172329,0.002810686857
2019-01-18,7,181,0.08996494,0.01628365414
2019-01-18,8,35,0.089727346,0.00314045711
2019-01-18,9,163,0.088992899,0.01450584254
2019-01-18,10,34,0.088849267,0.003020875078
2019-01-18,11,33,0.086812128,0.002864800224
2019-01-18,12,33,0.152466902,0.005031407766
2019-01-18,13,34,0.151446895,0.00514919443
2019-01-18,14,88,0.150567324,0.01324992451
2019-01-18,15,839,0.151825648,0.1273817187
2019-01-18,16,602,0.15281584,0.09199513568
2019-01-18,17,676,0.153906169,0.1040405702
2019-01-18,18,61,0.154970528,0.009453202208
2019-01-18,19,44,0.158606464,0.006978684416
2019-01-18,20,909,0.158184105,0.1437893514
2019-01-18,21,803,0.155441573,0.1248195831
2019-01-18,22,206,0.086840775,0.01788919965
2019-01-18,23,630,0.087309023,0.05500468449
,,,,
2019-01-19,0,164,0.090302153,0.01480955309
2019-01-19,1,33,0.088584189,0.002923278237
2019-01-19,2,32,0.083915823,0.002685306336
2019-01-19,3,32,0.07846189,0.00251078048
2019-01-19,4,29,0.074349418,0.002156133122
2019-01-19,5,21,0.075457023,0.001584597483
2019-01-19,6,33,0.07696353,0.00253979649
2019-01-19,7,32,0.082241783,0.002631737056
2019-01-19,8,71,0.084202465,0.005978375015
2019-01-19,9,494,0.087210708,0.04308208975
2019-01-19,10,356,0.086019123,0.03062280779
2019-01-19,11,82,0.085586723,0.007018111286
2019-01-19,12,4,0.152700676,6.11E-04
2019-01-19,13,39,0.149660266,0.005836750374
2019-01-19,14,1906,0.149875076,0.2856618949
2019-01-19,15,2154,0.147939223,0.3186610863
2019-01-19,16,1026,0.149460203,0.1533461683
2019-01-19,17,597,0.153126247,0.09141636946
2019-01-19,18,645,0.155659287,0.1004002401
2019-01-19,19,69,0.156854116,0.010822934
2019-01-19,20,144,0.153917732,0.02216415341
2019-01-19,21,248,0.153152096,0.03798171981
2019-01-19,22,1829,0.085193496,0.1558189042
2019-01-19,23,603,0.082800836,0.04992890411
,,,,
2019-01-20,0,274,0.086838026,0.02379361912
2019-01-20,1,56,0.083477383,0.004674733448
2019-01-20,2,46,0.080369374,0.003696991204
2019-01-20,3,52,0.07375198,0.00383510296
2019-01-20,4,44,0.070446392,0.003099641248
2019-01-20,5,42,0.070580248,0.002964370416
2019-01-20,6,48,0.070755415,0.00339625992
2019-01-20,7,291,0.07344647,0.02137292277
2019-01-20,8,123,0.072297234,0.008892559782
2019-01-20,9,326,0.082095503,0.02676313398
2019-01-20,10,857,0.085406629,0.07319348105
2019-01-20,11,760,0.084133294,0.06394130344
2019-01-20,12,784,0.151436968,0.1187265829
2019-01-20,13,89,0.14853423,0.01321954647
2019-01-20,14,56,0.143965313,0.008062057528
2019-01-20,15,107,0.140941384,0.01508072809
2019-01-20,16,489,0.143931052,0.07038228443
2019-01-20,17,574,0.153698843,0.08822313588
2019-01-20,18,287,0.156104202,0.04480190597
2019-01-20,19,94,0.158487902,0.01489786279
2019-01-20,20,541,0.158058352,0.08550956843
2019-01-20,21,1118,0.155772662,0.1741538361
2019-01-20,22,461,0.086375669,0.03981918341
2019-01-20,23,178,0.082513715,0.01468744127
,,,,
2019-01-21,0,47,0.074120283,0.003483653301
2019-01-21,1,41,0.071875399,0.002946891359
2019-01-21,2,41,0.070890695,0.002906518495
2019-01-21,3,39,0.070044742,0.002731744938
2019-01-21,4,41,0.069676755,0.002856746955
2019-01-21,5,42,0.071493398,0.003002722716
2019-01-21,6,346,0.083400606,0.02885660968
2019-01-21,7,277,0.087154474,0.0241417893
2019-01-21,8,94,0.08670753,0.00815050782
2019-01-21,9,167,0.087548125,0.01462053688
2019-01-21,10,36,0.086906683,0.003128640588
2019-01-21,11,38,0.085383637,0.003244578206
2019-01-21,12,38,0.152288256,0.005786953728
2019-01-21,13,38,0.15122681,0.00574661878
2019-01-21,14,643,0.150785127,0.09695483666
2019-01-21,15,850,0.151208044,0.1285268374
2019-01-21,16,20,0.151302733,0.00302605466
2019-01-21,17,2,0.153010167,3.06E-04
2019-01-21,18,71,0.155429763,0.01103551317
2019-01-21,19,114,0.158657992,0.01808701109
2019-01-21,20,566,0.160085517,0.09060840262
2019-01-21,21,757,0.156440614,0.1184255448
2019-01-21,22,574,0.086406588,0.04959738151
2019-01-21,23,604,0.084415396,0.05098689918
,,,,
2019-01-22,0,55,0.083280156,0.00458040858
2019-01-22,1,42,0.077035174,0.003235477308
2019-01-22,2,41,0.074848314,0.003068780874
2019-01-22,3,42,0.070625251,0.002966260542
2019-01-22,4,41,0.069846349,0.002863700309
2019-01-22,5,38,0.072265983,0.002746107354
2019-01-22,6,36,0.082311204,0.002963203344
2019-01-22,7,178,0.088302254,0.01571780121
2019-01-22,8,42,0.087408358,0.003671151036
2019-01-22,9,159,0.087715169,0.01394671187
2019-01-22,10,42,0.087122518,0.003659145756
2019-01-22,11,42,0.086189014,0.003619938588
2019-01-22,12,38,0.152350215,0.00578930817
2019-01-22,13,33,0.151261391,0.004991625903
2019-01-22,14,44,0.150011809,0.006600519596
2019-01-22,15,42,0.147062197,0.006176612274
2019-01-22,16,42,0.146775009,0.006164550378
2019-01-22,17,42,0.147811851,0.006208097742
2019-01-22,18,32,0.151863092,0.004859618944
2019-01-22,19,593,0.153669995,0.09112630703
2019-01-22,20,399,0.154955465,0.06182723054
2019-01-22,21,757,0.154259378,0.1167743491
2019-01-22,22,631,0.084416254,0.05326665627
2019-01-22,23,636,0.069929562,0.04447520143
,,,,
2019-01-23,0,43,0.06993761,0.00300731723
2019-01-23,1,41,0.069660318,0.002856073038
2019-01-23,2,38,0.068218305,0.00259229559
2019-01-23,3,32,0.067928203,0.002173702496
2019-01-23,4,41,0.067296715,0.002759165315
2019-01-23,5,41,0.067622339,0.002772515899
2019-01-23,6,45,0.068224578,0.00307010601
2019-01-23,7,193,0.08073845,0.01558252085
2019-01-23,8,32,0.082595321,0.002643050272
2019-01-23,9,152,0.082605408,0.01255602202
2019-01-23,10,49,0.082226787,0.004029112563
2019-01-23,11,40,0.082068315,0.0032827326
2019-01-23,12,40,0.148513341,0.00594053364
2019-01-23,13,30,0.147337754,0.00442013262
2019-01-23,14,97,0.142798485,0.01385145305
2019-01-23,15,38,0.141401356,0.005373251528
2019-01-23,16,36,0.142237423,0.005120547228
2019-01-23,17,35,0.146764051,0.005136741785
2019-01-23,18,53,0.150462606,0.007974518118
2019-01-23,19,136,0.151751368,0.02063818605
2019-01-23,20,619,0.153310563,0.0948992385
2019-01-23,21,1172,0.153801599,0.180255474
2019-01-23,22,995,0.084485973,0.08406354314
2019-01-23,23,119,0.069352321,0.008252926199
,,,,
2019-01-24,0,155,0.068631178,0.01063783259
2019-01-24,1,44,0.067763055,0.00298157442
2019-01-24,2,45,0.066764013,0.003004380585
2019-01-24,3,42,0.066242235,0.00278217387
2019-01-24,4,41,0.06638307,0.00272170587
2019-01-24,5,38,0.067120338,0.002550572844
2019-01-24,6,36,0.067687206,0.002436739416
2019-01-24,7,166,0.078109137,0.01296611674
2019-01-24,8,761,0.081856169,0.06229254461
2019-01-24,9,207,0.082559861,0.01708989123
2019-01-24,10,90,0.082434307,0.00741908763
2019-01-24,11,185,0.081646652,0.01510463062
2019-01-24,12,161,0.147422077,0.0237349544
2019-01-24,13,129,0.145846823,0.01881424017
2019-01-24,14,396,0.141223516,0.05592451234
2019-01-24,15,859,0.140065648,0.1203163916
2019-01-24,16,531,0.142473074,0.07565320229
2019-01-24,17,589,0.148488082,0.0874594803
2019-01-24,18,41,0.151715005,0.006220315205
2019-01-24,19,45,0.153645726,0.00691405767
2019-01-24,20,105,0.154623474,0.01623546477
2019-01-24,21,599,0.155106461,0.09290877014
2019-01-24,22,599,0.085700374,0.05133452403
2019-01-24,23,293,0.080775863,0.02366732786
,,,,
2019-01-25,0,39,0.069787753,0.002721722367
2019-01-25,1,45,0.070054762,0.00315246429
2019-01-25,2,44,0.069434764,0.003055129616
2019-01-25,3,35,0.069269019,0.002424415665
2019-01-25,4,39,0.069341914,0.002704334646
2019-01-25,5,45,0.06940319,0.00312314355
2019-01-25,6,44,0.069621449,0.003063343756
2019-01-25,7,42,0.082428676,0.003462004392
2019-01-25,8,309,0.083950253,0.02594062818
2019-01-25,9,235,0.084236496,0.01979557656
2019-01-25,10,39,0.083748865,0.003266205735
2019-01-25,11,32,0.083276288,0.002664841216
2019-01-25,12,42,0.149977898,0.006299071716
2019-01-25,13,43,0.14904583,0.00640897069
2019-01-25,14,532,0.146296556,0.07782976779
2019-01-25,15,33,0.1449484,0.0047832972
2019-01-25,16,6,0.14654776,8.79E-04
2019-01-25,17,102,0.14896432,0.01519436064
2019-01-25,18,40,0.152412052,0.00609648208
2019-01-25,19,40,0.153687256,0.00614749024
2019-01-25,20,39,0.151966599,0.005926697361
2019-01-25,21,38,0.148211553,0.005632039014
2019-01-25,22,38,0.080228235,0.00304867293
2019-01-25,23,37,0.077374861,0.002862869857
,,,,
2019-01-26,0,39,0.079631228,0.003105617892
2019-01-26,1,202,0.072805979,0.01470680776
2019-01-26,2,41,0.071031369,0.002912286129
2019-01-26,3,41,0.068767674,0.002819474634
2019-01-26,4,41,0.069517448,0.002850215368
2019-01-26,5,39,0.070430235,0.002746779165
2019-01-26,6,40,0.072466314,0.00289865256
2019-01-26,7,36,0.078716408,0.002833790688
2019-01-26,8,44,0.081751533,0.003597067452
2019-01-26,9,211,0.084743984,0.01788098062
2019-01-26,10,47,0.085610873,0.004023711031
2019-01-26,11,40,0.085096823,0.00340387292
2019-01-26,12,48,0.151138076,0.007254627648
2019-01-26,13,46,0.151409926,0.006964856596
2019-01-26,14,591,0.150416393,0.08889608826
2019-01-26,15,237,0.149513023,0.03543458645
2019-01-26,16,78,0.146386946,0.01141818179
2019-01-26,17,150,0.149758267,0.02246374005
2019-01-26,18,110,0.154043247,0.01694475717
2019-01-26,19,157,0.154285056,0.02422275379
2019-01-26,20,569,0.154422302,0.08786628984
2019-01-26,21,593,0.152856365,0.09064382444
2019-01-26,22,45,0.077887694,0.00350494623
2019-01-26,23,40,0.07116266,0.0028465064
,,,,
2019-01-27,0,73,0.075298762,0.005496809626
2019-01-27,1,62,0.065781496,0.004078452752
2019-01-27,2,52,0.062073924,0.003227844048
2019-01-27,3,43,0.04853398,0.00208696114
2019-01-27,4,47,0.041903426,0.001969461022
2019-01-27,5,48,0.041001628,0.001968078144
2019-01-27,6,384,0.035183734,0.01351055386
2019-01-27,7,116,0.044549558,0.005167748728
2019-01-27,8,46,0.049421388,0.002273383848
2019-01-27,9,44,0.058479339,0.002573090916
2019-01-27,10,281,0.060795751,0.01708360603
2019-01-27,11,1022,0.063282884,0.06467510745
2019-01-27,12,137,0.130674047,0.01790234444
2019-01-27,13,174,0.126424918,0.02199793573
2019-01-27,14,487,0.124217879,0.06049410707
2019-01-27,15,1318,0.124202984,0.1636995329
2019-01-27,16,936,0.125198998,0.1171862621
2019-01-27,17,640,0.131194723,0.08396462272
2019-01-27,18,228,0.137494402,0.03134872366
2019-01-27,19,885,0.144029612,0.1274662066
2019-01-27,20,684,0.147210702,0.1006921202
2019-01-27,21,609,0.149852132,0.09125994839
2019-01-27,22,652,0.077520587,0.05054342272
2019-01-27,23,512,0.068828567,0.0352402263
,,,,
2019-01-28,0,129,0.063311212,0.008167146348
2019-01-28,1,53,0.058671159,0.003109571427
2019-01-28,2,42,0.057353171,0.002408833182
2019-01-28,3,47,0.0549152,0.0025810144
2019-01-28,4,47,0.055070007,0.002588290329
2019-01-28,5,77,0.059009894,0.004543761838
2019-01-28,6,952,0.0657349,0.0625796248
2019-01-28,7,253,0.081958528,0.02073550758
2019-01-28,8,165,0.08103945,0.01337150925
2019-01-28,9,192,0.080484909,0.01545310253
2019-01-28,10,49,0.07888681,0.00386545369
2019-01-28,11,45,0.071537305,0.003219178725
2019-01-28,12,46,0.13927432,0.00640661872
2019-01-28,13,41,0.135872888,0.005570788408
2019-01-28,14,41,0.133144743,0.005458934463
2019-01-28,15,477,0.132657183,0.06327747629
2019-01-28,16,51,0.135434727,0.006907171077
2019-01-28,17,43,0.144692958,0.006221797194
2019-01-28,18,41,0.151641429,0.006217298589
2019-01-28,19,38,0.156062143,0.005930361434
2019-01-28,20,37,0.154873457,0.005730317909
2019-01-28,21,41,0.151918387,0.006228653867
2019-01-28,22,506,0.081576378,0.04127764727
2019-01-28,23,540,0.074078758,0.04000252932
,,,,
2019-01-29,0,220,0.072868979,0.01603117538
2019-01-29,1,49,0.067378762,0.003301559338
2019-01-29,2,39,0.067085376,0.002616329664
2019-01-29,3,45,0.064453075,0.002900388375
2019-01-29,4,46,0.062833895,0.00289035917
2019-01-29,5,45,0.066566009,0.002995470405
2019-01-29,6,81,0.074878449,0.006065154369
2019-01-29,7,200,0.084180774,0.0168361548
2019-01-29,8,44,0.083581066,0.003677566904
2019-01-29,9,654,0.083341169,0.05450512453
2019-01-29,10,553,0.082771402,0.04577258531
2019-01-29,11,634,0.081449686,0.05163910092
2019-01-29,12,45,0.147091263,0.006619106835
2019-01-29,13,43,0.144621311,0.006218716373
2019-01-29,14,42,0.138711127,0.005825867334
2019-01-29,15,41,0.138864392,0.005693440072
2019-01-29,16,42,0.141600917,0.005947238514
2019-01-29,17,41,0.146797826,0.006018710866
2019-01-29,18,41,0.148668638,0.006095414158
2019-01-29,19,41,0.151432253,0.006208722373
2019-01-29,20,40,0.1498573,0.005994292
2019-01-29,21,1539,0.144396244,0.2222258195
2019-01-29,22,649,0.075607214,0.04906908189
2019-01-29,23,137,0.068986018,0.009451084466
,,,,
2019-01-30,0,56,0.064889034,0.003633785904
2019-01-30,1,49,0.062853753,0.003079833897
2019-01-30,2,43,0.061454295,0.002642534685
2019-01-30,3,37,0.059404311,0.002197959507
2019-01-30,4,35,0.059186639,0.002071532365
2019-01-30,5,44,0.062850439,0.002765419316
2019-01-30,6,45,0.069177054,0.00311296743
2019-01-30,7,114,0.082347837,0.009387653418
2019-01-30,8,37,0.084313265,0.003119590805
2019-01-30,9,214,0.084185728,0.01801574579
2019-01-30,10,107,0.083281407,0.008911110549
2019-01-30,11,41,0.083224491,0.003412204131
2019-01-30,12,42,0.147187409,0.006181871178
2019-01-30,13,40,0.145361659,0.00581446636
2019-01-30,14,40,0.142171177,0.00568684708
2019-01-30,15,39,0.139488406,0.005440047834
2019-01-30,16,40,0.139143391,0.00556573564
2019-01-30,17,93,0.143379153,0.01333426123
2019-01-30,18,318,0.14675388,0.04666773384
2019-01-30,19,1714,0.149190709,0.2557128752
2019-01-30,20,1709,0.148885356,0.2544450734
2019-01-30,21,1151,0.144572551,0.1664030062
2019-01-30,22,145,0.073972314,0.01072598553
2019-01-30,23,470,0.06535732,0.0307179404
,,,,
2019-01-31,0,52,0.065006762,0.003380351624
2019-01-31,1,45,0.064425873,0.002899164285
2019-01-31,2,43,0.062376063,0.002682170709
2019-01-31,3,43,0.061418475,0.002640994425
2019-01-31,4,43,0.060896463,0.002618547909
2019-01-31,5,43,0.061661325,0.002651436975
2019-01-31,6,44,0.064219326,0.002825650344
2019-01-31,7,114,0.070763927,0.008067087678
2019-01-31,8,260,0.079138169,0.02057592394
2019-01-31,9,689,0.079815392,0.05499280509
2019-01-31,10,640,0.079516741,0.05089071424
2019-01-31,11,65,0.078646187,0.005112002155
2019-01-31,12,44,0.143643113,0.006320296972
2019-01-31,13,43,0.141957473,0.006104171339
2019-01-31,14,113,0.136221766,0.01539305956
2019-01-31,15,58,0.136053136,0.007891081888
2019-01-31,16,55,0.137084768,0.00753966224
2019-01-31,17,48,0.140484703,0.006743265744
2019-01-31,18,52,0.147046465,0.00764641618
2019-01-31,19,101,0.149315851,0.01508090095
2019-01-31,20,402,0.14348085,0.0576793017
2019-01-31,21,1781,0.135820397,0.2418961271
2019-01-31,22,1343,0.067728494,0.09095936744
2019-01-31,23,1323,0.065330747,0.08643257828